{
    "baselineRI": {
        "title": "AKS Secure Baseline",
        "icon": "Dictionary",
        "disabled" : false,
        "sections": [
            {
                "key": "baselineRI",
                "sectionTitle": "AKS Secure Baseline Cluster Stamps",
                "sectionDescription" : "The AKS Secure Baseline architectures are references for learning how to build AKS Clusters that include recommendations for networking, security, identity, management, and monitoring of the cluster based on an organization's business requirements. These presets closely replicate the cluster-stamp for each sample reference implementation, and should be leveraged after you've read the AKS baseline reference architecture documentation.",
                "sectionMoreInfoLink" : "https://docs.microsoft.com/en-us/azure/architecture/reference-architectures/containers/aks/secure-baseline-aks",
                "sectionWarning": "",
                "cards": [
                    {
                        "key": "standard",
                        "default": true,
                        "title": "Standard",
                        "linksrc" : "https://github.com/mspnp/aks-baseline",
                        "description": {
                            "title": "Standard Workload V2",
                            "bulets": [
                                {
                                    "description": "Cluster auto-scaler (2-5 nodes)",
                                    "linksrc": "https://docs.microsoft.com/en-us/azure/aks/cluster-autoscaler"
                                },
                                {
                                    "description": "Azure Monitor for Containers",
                                    "linksrc": "https://docs.microsoft.com/en-us/azure/azure-monitor/insights/container-insights-overview"
                                },
                                {
                                    "description": "Azure Firewall for outbound traffic",
                                    "linksrc": "https://learn.microsoft.com/en-us/azure/architecture/example-scenario/aks-firewall/aks-firewall"
                                },
                                {
                                    "description": "Traefik Ingress Controller"
                                },
                                {
                                    "description": "Azure Container Registry (private)"
                                },
                                {
                                    "description": "Restrict dependencies with Private Link",
                                    "linksrc": "https://docs.microsoft.com/en-us/azure/private-link/private-link-overview"
                                },
                                {
                                    "description": "AAD Integration",
                                    "linksrc": "https://docs.microsoft.com/en-gb/azure/aks/managed-aad"
                                },
                                {
                                    "description": "Audit restricted pod security standards",
                                    "linksrc": "https://docs.microsoft.com/en-us/azure/governance/policy/concepts/policy-for-kubernetes"
                                },
                                {
                                    "description": "East-West traffic control",
                                    "linksrc": "https://docs.microsoft.com/en-gb/azure/aks/use-network-policies"
                                },
                                {
                                    "description": "Store Kubernetes Secrets in Azure KeyVault,",
                                    "linksrc": "https://docs.microsoft.com/en-us/azure/aks/csi-secrets-store-driver"
                                }
                            ]
                        },
                        "imageSrc": "https://docs.microsoft.com/en-us/azure/architecture/reference-architectures/containers/aks/images/secure-baseline-architecture.svg",
                        "values": {
                            "deploy": {
                                "workloadDeployCommands": []
                            },
                            "cluster": {
                                "enable_aad": true,
                                "AksDisableLocalAccounts": true,
                                "apisecurity": "none",
                                "autoscale": true,
                                "agentCount": 2,
                                "maxCount": 5,
                                "upgradeChannel": "none",
                                "DefenderForContainers": true,
                                "AksPaidSkuForSLA": true,
                                "SystemPoolType": "Standard",
                                "availabilityZones": "yes"
                            },
                            "addons": {
                                "networkPolicy": "azure",
                                "registry": "Premium",
                                "azurepolicy": "audit",
                                "azurePolicyInitiative": "Restricted",
                                "ingress": "traefik",
                                "appgwKVIntegration": false,
                                "monitor": "aci",
                                "csisecret": "akvNew",
                                "acrUntaggedRetentionPolicy": 15,
                                "acrUntaggedRetentionPolicyEnabled": true,
                                "workloadIdentity": true,
                                "fileCSIDriver": false,
                                "diskCSIDriver": false

                            },
                            "net": {
                                "vnetprivateend": true,
                                "vnet_opt": "custom",
                                "afw": true,
                                "azureFirewallSku": "Premium",
                                "nsg": true
                            }
                        }
                    },
                    {
                        "key": "regulated",
                        "default": false,
                        "title": "Regulated",
                        "linksrc" : "https://github.com/mspnp/aks-baseline-regulated",
                        "description": {
                            "title": "Suited for regulated workloads",
                            "bulets": [
                                {
                                    "description": "Cluster auto-scaler (2-5 nodes)",
                                    "linksrc": "https://docs.microsoft.com/en-us/azure/aks/cluster-autoscaler"
                                },
                                {
                                    "description": "Azure Monitor for Containers",
                                    "linksrc": "https://docs.microsoft.com/en-us/azure/azure-monitor/insights/container-insights-overview"
                                },
                                {
                                    "description": "Azure Firewall for outbound traffic",
                                    "linksrc": "https://learn.microsoft.com/en-us/azure/architecture/example-scenario/aks-firewall/aks-firewall"
                                },
                                {
                                    "description": "Nginx Ingress Controller"
                                },
                                {
                                    "description": "Azure Container Registry (private)"
                                },
                                {
                                    "description": "Restrict dependencies with Private Link",
                                    "linksrc": "https://docs.microsoft.com/en-us/azure/private-link/private-link-overview"
                                },
                                {
                                    "description": "AAD Integration",
                                    "linksrc": "https://docs.microsoft.com/en-gb/azure/aks/managed-aad"
                                },
                                {
                                    "description": "Audit restricted pod security standards",
                                    "linksrc": "https://docs.microsoft.com/en-us/azure/governance/policy/concepts/policy-for-kubernetes"
                                },
                                {
                                    "description": "East-West traffic control",
                                    "linksrc": "https://docs.microsoft.com/en-gb/azure/aks/use-network-policies"
                                },
                                {
                                    "description": "Store Kubernetes Secrets in Azure KeyVault,",
                                    "linksrc": "https://docs.microsoft.com/en-us/azure/aks/csi-secrets-store-driver"
                                },
                                {
                                    "description": "Private Cluster",
                                    "linksrc": "https://docs.microsoft.com/en-us/azure/aks/private-clusters"
                                }
                            ]
                        },
                        "imageSrc": "https://docs.microsoft.com/en-us/azure/architecture/reference-architectures/containers/aks-pci/images/regulated-architecture.svg",
                        "values": {
                            "deploy": {
                                "workloadDeployCommands": []
                            },
                            "cluster": {
                                "enable_aad": true,
                                "AksDisableLocalAccounts": true,
                                "apisecurity": "private",
                                "autoscale": true,
                                "agentCount": 2,
                                "maxCount": 5,
                                "upgradeChannel": "none",
                                "DefenderForContainers": true,
                                "AksPaidSkuForSLA": true,
                                "SystemPoolType": "Standard",
                                "availabilityZones": "yes"
                            },
                            "addons": {
                                "networkPolicy": "azure",
                                "registry": "Premium",
                                "azurepolicy": "audit",
                                "azurePolicyInitiative": "Restricted",
                                "ingress": "nginx",
                                "appgwKVIntegration": false,
                                "monitor": "aci",
                                "csisecret": "akvNew",
                                "acrUntaggedRetentionPolicy": 15,
                                "acrUntaggedRetentionPolicyEnabled": true,
                                "enableACRTrustPolicy": true,
                                "workloadIdentity": true
                            },
                            "net": {
                                "vnetprivateend": true,
                                "vnet_opt": "custom",
                                "afw": true,
                                "azureFirewallSku": "Premium",
                                "nsg": true,
                                "nsgFlowLogs": true
                            }
                        }
                    }
                ]
            }
        ]
    }
}
